{"stats":{"minecraft:used":{"minecraft:farmland":1,"minecraft:oak_log":5,"minecraft:grass_block":150},"minecraft:picked_up":{"minecraft:birch_sapling":1},"minecraft:custom":{"minecraft:jump":52,"minecraft:time_since_rest":10799,"minecraft:crouch_one_cm":6444,"minecraft:leave_game":1,"minecraft:sprint_one_cm":4151,"minecraft:play_time":10799,"minecraft:time_since_death":10799,"minecraft:walk_one_cm":11212,"minecraft:sneak_time":1121,"minecraft:total_world_time":15678,"minecraft:fly_one_cm":46634}},"DataVersion":2975}