{"stats":{"minecraft:custom":{"minecraft:jump":155,"minecraft:time_since_rest":4587,"minecraft:waystone_activated":1,"minecraft:leave_game":1,"minecraft:crouch_one_cm":39,"minecraft:walk_on_water_one_cm":2197,"minecraft:sprint_one_cm":25622,"minecraft:play_time":9589,"minecraft:damage_taken":90,"minecraft:time_since_death":9589,"minecraft:walk_one_cm":18034,"minecraft:sleep_in_bed":1,"minecraft:sneak_time":77,"minecraft:climb_one_cm":1010,"minecraft:total_world_time":9589,"minecraft:walk_under_water_one_cm":1538,"minecraft:fall_one_cm":2624,"minecraft:fly_one_cm":30456}},"DataVersion":2975}